M6PR	SH3GL3
FUCA2	AMBN
FUCA2	LYZ
FUCA2	SPP1
FUCA2	DMP1
FUCA2	APOA1
FUCA2	FGG
SEMA3F	NTN1
CFTR	SH3GL3
CFTR	PSMA8
USH1C	TMPRSS3
TMEM132A	AMBN
TMEM132A	SPP1
TMEM132A	FGG
TMEM132A	DMP1
TMEM132A	APOA1
DVL2	SH3GL3
DVL2	PSMA8
PRSS21	LY6H
PRSS21	CNTN5
CX3CL1	CXCL11
CX3CL1	ADRA2C
CX3CL1	IFNG
CX3CL1	CCL1
CX3CL1	CCL7
CX3CL1	S1PR5
CX3CL1	CXCL13
CX3CL1	CXCL10
CX3CL1	CXCL5
CX3CL1	CNR2
CX3CL1	DRD2
CX3CL1	CXCL9
CX3CL1	CCL20
CEACAM7	CNTN5
CEACAM7	LY6H
ITGA3	LAMC3
KRT33A	KRT18
PGLYRP1	CHIT1
PGLYRP1	CAMP
PGLYRP1	LYZ
CD74	HLA-DOB
CD4	SH3GL3
INMT	IDO1
HEBP1	CXCL10
HEBP1	CCL1
HEBP1	CXCL9
HEBP1	CCL20
HEBP1	CXCL5
HEBP1	CXCL11
HEBP1	S1PR5
HEBP1	CNR2
HEBP1	ADRA2C
HEBP1	DRD2
HEBP1	CXCL13
SCTR	MC4R
SCTR	GPR15
SCTR	INSL3
SYT13	SNAP25
CDH17	CDH8
LRRC7	CHIT1
LRRC7	CAMP
LRRC7	LYZ
OTC	F9
PSMA4	PSMA8
PSMA4	UBD
LCP2	IGLL5
LCP2	GAD1
TNFRSF17	MZB1
TNFRSF17	POU2AF1
GRN	LYZ
VAMP3	SH3GL3
VAMP3	SNAP25
UTS2	ADRA1D
RCN1	AMBN
RCN1	SPP1
RCN1	FGG
RCN1	DMP1
RCN1	APOA1
SLC2A3	OLR1
SLC2A3	SNAP25
SLC2A3	CLEC5A
GNA11	ADRA1D
GNA11	ADRA2C
CD22	IGLL5
CD22	CR2
CD22	CD79A
ST6GALNAC1	GALNTL6
PSMC4	PSMA8
PSMC4	UBD
ANO8	AMBN
ANO8	SPP1
ANO8	FGG
ANO8	DMP1
ANO8	APOA1
KIF22	HLA-DOB
CEACAM1	OLR1
CEACAM1	CLEC5A
CEACAM1	SNAP25
PPP2R5B	PSMA8
FSTL3	AMBN
FSTL3	SPP1
FSTL3	FGG
FSTL3	DMP1
FSTL3	APOA1
EPHA8	EPHA6
KRT14	KRT18
KRT20	KRT18
SPP2	AMBN
SPP2	SPP1
SPP2	DMP1
SPP2	APOA1
SPP2	FGG
BPIFB2	AMBN
BPIFB2	SPP1
BPIFB2	DMP1
BPIFB2	APOA1
BPIFB2	FGG
P2RY10	ADRA1D
NGFR	RTN4R
NTN1	DCC
ASNS	GAD1
ASNS	IL4I1
DRD4	CXCL11
DRD4	ADRA2C
DRD4	CCL1
DRD4	S1PR5
DRD4	CXCL13
DRD4	CXCL10
DRD4	CXCL5
DRD4	CNR2
DRD4	DRD2
DRD4	CXCL9
DRD4	CCL20
SCT	MC4R
SCT	GPR15
SCT	INSL3
STK10	OLR1
STK10	SNAP25
STK10	CLEC5A
TBX21	IFNG
TBX21	IRF4
TBX21	GZMB
TBX21	IL23R
C12orf5	FBP1
CPB2	F9
CPB2	FGG
HBQ1	HBA2
CEACAM6	PIGR
HSD17B2	SULT1E1
HSD17B2	AKR1D1
CETP	APOA1
CETP	LIPG
LAG3	TNFRSF9
LAG3	GZMB
EFNB1	SEMA3E
EFNB1	EPHA6
EFNB1	BLK
DLD	GAD1
CMTM6	OLR1
CMTM6	CLEC5A
CMTM6	PIGR
CMTM6	SNAP25
MYO15A	SLC26A4
MYO15A	TMPRSS3
APOH	FGG
APOH	APOA1
UNC13D	LYZ
ADH1A	GSTA1
KRT23	KRT18
CDC6	PSMA8
CBX5	HIST1H3J
RAB26	RAB3B
PSMD5	PSMA8
PSMD5	UBD
GSTA3	GSTA1
VCL	CHIT1
VCL	FGG
VCL	CAMP
VCL	LYZ
PSMD8	PSMA8
PSMD8	UBD
STX1B	SNAP25
EFNA2	SEMA3E
EFNA2	EPHA6
CDC34	UBD
SERPIND1	AMBN
SERPIND1	SPP1
SERPIND1	FGG
SERPIND1	DMP1
SERPIND1	APOA1
SNAP29	SNAP25
SNAP29	PIGR
MIF	IL4I1
MAPK1	DCC
MAPK1	FGG
MAPK1	LYZ
CRYBB3	BFSP2
PLA2G3	PLA2G2D
LGALS1	AMBN
LGALS1	SPP1
LGALS1	FGG
LGALS1	DMP1
LGALS1	APOA1
CRYBB1	BFSP2
ARSA	LYZ
TAB1	IL1A
PNPLA3	LIPG
MYH9	IGLL5
PVALB	GAD1
PVALB	GFAP
IL2RB	GZMB
IL2RB	IFNG
RBX1	PSMA8
NID2	LAMC3
SUPT16H	HIST1H3J
CTSG	CAMP
CTSG	LYZ
GZMH	GZMB
GZMB	IFNG
SOS2	PAK7
ATP6V1D	OLR1
ATP6V1D	SNAP25
ATP6V1D	CLEC5A
PSMA3	PSMA8
PSMA3	UBD
BDKRB1	CXCL11
BDKRB1	ADRA2C
BDKRB1	CCL1
BDKRB1	S1PR5
BDKRB1	CXCL13
BDKRB1	CXCL10
BDKRB1	CXCL5
BDKRB1	ADRA1D
BDKRB1	CNR2
BDKRB1	DRD2
BDKRB1	CXCL9
BDKRB1	CCL20
PCK2	IL4I1
NFKBIA	PSMA8
NFKBIA	IL23R
PSME2	IFNG
PSME2	PSMA8
PSME2	UBD
BRMS1L	SPP1
CYP24A1	CA6
AURKA	PSMA8
GSS	GSTA1
PYGB	LYZ
CTSZ	CHIT1
CTSZ	CAMP
CTSZ	LYZ
RSPO4	LGR6
PROKR2	ADRA1D
OXT	ADRA1D
CHMP4B	BFSP2
SLC32A1	SLC18A1
SLC32A1	GAD1
SLC32A1	SNAP25
IDH3G	IL4I1
PSMD10	PSMA8
PSMD10	UBD
TBL1X	APOA1
PGRMC1	OLR1
PGRMC1	SNAP25
PGRMC1	CLEC5A
GUCY2F	GUCY2D
ATP1B4	ATP1A2
RP2	CYS1
TIMP1	IL1A
TIMP1	AMBN
TIMP1	SPP1
TIMP1	LEFTY2
TIMP1	MMP12
TIMP1	FGG
TIMP1	DMP1
TIMP1	APOA1
GLA	LYZ
ATP12A	ATP1A2
MLNR	ADRA1D
OLFM4	LYZ
OLFM4	CHIT1
OLFM4	CAMP
MMP2	SPP1
CCL22	CXCL10
CCL22	CXCL9
CCL22	CCL20
CCL17	CXCL10
CCL17	CCL1
CCL17	CXCL9
CCL17	CCL20
PSMD7	PSMA8
PSMD7	UBD
PLA2G15	PLA2G2D
MEFV	AIM2
SLC6A2	SLC18A1
SLC6A2	DRD2
CSK	BLK
CSK	FGG
CSK	CD79A
CTSH	CHIT1
CTSH	CAMP
CTSH	LYZ
SCG3	AMBN
SCG3	SPP1
SCG3	FGG
SCG3	DMP1
SCG3	APOA1
PAG1	CD79A
RIPK2	IRF4
DECR1	OLR1
EMC2	SLC18A1
GML	LY6H
DCTN6	HLA-DOB
GSR	GSTA1
PPP2CB	PSMA8
NEFM	GFAP
EXOSC5	AICDA
CYP4F3	ALOX15B
LHB	MC4R
LHB	GPR15
LHB	INSL3
RELB	PSMA8
LIN7B	SNAP25
FCGRT	PIGR
SLC17A7	SLC18A1
SLC17A7	GAD1
SLC17A7	SNAP25
SLC17A7	GFAP
AMH	NR0B1
AMH	INSL3
RETN	LYZ
RETN	CHIT1
RETN	CAMP
SGTA	DNAJC5B
CYP4F2	ALOX15B
TGFB1	IFNG
TGFB1	LEFTY2
TGFB1	FGG
CD79A	IGLL5
CD79A	IRF4
CD79A	CR2
CD79A	POU2AF1
CD79A	BLK
LIM2	BFSP2
NKG7	GZMB
CEACAM5	LY6H
CEACAM5	CNTN5
CRX	GUCY2D
CDC37	BTC
RABAC1	PCLO
RAB3D	PIGR
RAB3D	RAB3B
RPL18A	NR0B1
SLC5A5	SLC26A4
PIK3R2	IGLL5
PIK3R2	ADRA1D
RAB3A	PCLO
RAB3A	SNAP25
RAB3A	RAB3B
RAB3A	GAD1
PON1	APOA1
HGF	SPP1
HGF	LAMC3
HGF	LEFTY2
HGF	SH3GL3
HGF	FGG
LAMB1	AMBN
LAMB1	SPP1
LAMB1	LAMC3
LAMB1	PAK7
LAMB1	FGG
LAMB1	DMP1
LAMB1	APOA1
WNT16	SFRP1
BET1	SNAP25
OGDH	IL4I1
STX1A	GAD1
STX1A	SNAP25
CYP3A5	GSTA1
CYP3A5	SULT1E1
WASL	NTN1
WASL	DCC
WASL	SH3GL3
SERPINE1	LEFTY2
SERPINE1	FGG
PSMA2	PSMA8
PSMA2	UBD
YKT6	SNAP25
C5	CXCL11
C5	ADRA2C
C5	CCL1
C5	S1PR5
C5	CXCL13
C5	CXCL10
C5	CXCL5
C5	CNR2
C5	DRD2
C5	CXCL9
C5	CCL20
RLN1	LGR6
RLN1	INSL3
BLNK	IGLL5
BLNK	CD79A
BLNK	BLK
MPO	LYZ
DHX33	AIM2
CRYBA1	BFSP2
NUFIP2	NR0B1
RPL19	NR0B1
CSF3	IL1A
CSF3	IFNG
CSF3	CXCL10
CSF3	CXCL5
CSF3	IL23R
WNT3	SFRP1
P2RX1	OLR1
P2RX1	SNAP25
P2RX1	CLEC5A
KRT37	KRT18
GOSR2	SNAP25
RPS6KB1	CD79A
GOSR1	SNAP25
CCL2	OLR1
CCL2	CXCL11
CCL2	SPP1
CCL2	IFNG
CCL2	CCL1
CCL2	CXCL13
CCL2	CXCL10
CCL2	CXCL5
CCL2	CXCL9
CCL2	CCL20
CCL1	CXCL10
CCL1	CXCL5
CCL1	CXCL11
CCL1	CNR2
CCL1	ADRA2C
CCL1	DRD2
CCL1	CXCL9
CCL1	CCL20
CCL1	S1PR5
CCL1	CXCL13
CCL13	CXCL10
CCL13	CXCL5
CCL13	CXCL11
CCL13	CNR2
CCL13	ADRA2C
CCL13	DRD2
CCL13	CCL1
CCL13	CXCL9
CCL13	CCL20
CCL13	S1PR5
CCL13	CXCL13
KRT32	KRT18
EFNB3	SEMA3E
EFNB3	EPHA6
RCVRN	GUCY2D
VTN	SPP1
VTN	FGG
ALDOC	FBP1
ALDOC	CHIT1
ALDOC	CAMP
ALDOC	LYZ
CD38	CR2
IBSP	SPP1
IBSP	DMP1
CXCL6	CXCL10
CXCL6	CXCL5
CXCL6	CXCL11
CXCL6	CNR2
CXCL6	ADRA2C
CXCL6	DRD2
CXCL6	CCL1
CXCL6	CXCL9
CXCL6	CCL20
CXCL6	CCL7
CXCL6	S1PR5
CXCL6	CXCL13
GNRHR	ADRA1D
PF4V1	CXCL11
NFKB1	PSMA8
NFKB1	IL1A
NFKB1	CHIT1
NFKB1	CAMP
NFKB1	LYZ
NFKB1	IL23R
MANBA	PIGR
IL2	IL1A
IL2	TNFRSF9
IL2	IFNG
IL2	CXCL10
IL2	IDO1
IL2	GZMB
IL2	CXCL9
IL2	IL23R
WFS1	AMBN
WFS1	SPP1
WFS1	FGG
WFS1	DMP1
WFS1	APOA1
SPI1	IRF4
CTSC	LYZ
DTX4	CNTN1
DTX4	DNER
CCND1	PSMA8
CCND1	SFRP1
APOC3	FGG
APOC3	MTTP
APOC3	APOA1
IL10RA	IFNG
IL10RA	IL24
DGAT2	LIPG
CD69	IFNG
CD69	GZMB
DAO	IL4I1
MLEC	OLR1
MLEC	SNAP25
MLEC	CLEC5A
IL23A	IL23R
SYT10	SNAP25
GLI1	PSMA8
LTA4H	CHIT1
LTA4H	CAMP
LTA4H	LYZ
ARPC3	IGLL5
ARPC3	SH3GL3
MYL2	TNNT1
LTBR	PSMA8
OAS3	GBP5
OAS3	IRF4
ART4	CNTN5
ART4	LY6H
MGP	SPP1
IL26	IL24
IFNG	IL1A
IFNG	CXCL11
IFNG	CXCL10
IFNG	IDO1
IFNG	GZMB
IFNG	CXCL9
IFNG	IL23R
GNB3	S1PR5
GNB3	CXCL13
GNB3	CXCL10
GNB3	ADRA1D
GNB3	CXCL9
GNB3	CCL20
GNB3	CXCL11
GNB3	MC4R
GNB3	ADRA2C
GNB3	CCL1
GNB3	CXCL5
GNB3	CNR2
GNB3	DRD2
GNB3	GPR15
GNB3	INSL3
USP5	UBD
TPI1	FBP1
C12orf57	CYTL1
NANOG	PROM1
NANOG	NR0B1
RAB35	RAB3B
KLRB1	GZMB
GCLC	GAD1
ASF1A	HIST1H3J
FBXO5	PSMA8
TULP1	GUCY2D
MAPK14	BLK
HLA-DOA	HLA-DOB
GPLD1	LY6H
GPLD1	CNTN5
RPS12	HBA2
GMNN	PSMA8
GUCA1B	GUCY2D
TMEM30A	OLR1
TMEM30A	ATP10B
TMEM30A	SNAP25
TMEM30A	ATP8A2
TMEM30A	CLEC5A
TMEM30A	PIGR
LAMA4	LAMC3
LAMA4	PAK7
SLC6A7	IGLL5
PAPD7	FGG
HBEGF	ALOX15B
HBEGF	BTC
CDH9	CDH8
SPARC	SPP1
SPARC	LEFTY2
SPARC	FGG
GRM6	CXCL11
GRM6	ADRA2C
GRM6	CCL1
GRM6	S1PR5
GRM6	CXCL13
GRM6	CXCL10
GRM6	CXCL5
GRM6	CNR2
GRM6	DRD2
GRM6	CXCL9
GRM6	CCL20
IL12B	IL23R
IL4	IL4I1
IL4	IL1A
IL4	IFNG
IL4	CCL1
IL4	AICDA
IL4	IRF4
IL4	CXCL10
IL4	IDO1
IL4	CXCL9
IL4	IL23R
IL5	IFNG
IL5	CXCL10
IL5	CXCL9
IL5	IL23R
SKP1	PSMA8
NR3C1	IRF4
BNIP1	SNAP25
LTF	CHIT1
LTF	CAMP
LTF	LYZ
EHHADH	APOA1
CRBN	IRF4
HRG	LEFTY2
HRG	FGG
RBP2	APOA1
RBP1	APOA1
PFKFB4	FBP1
NPRL2	UBE2QL1
GNB4	CXCL11
GNB4	MC4R
GNB4	ADRA2C
GNB4	CCL1
GNB4	S1PR5
GNB4	CXCL13
GNB4	CXCL10
GNB4	CXCL5
GNB4	ADRA1D
GNB4	CNR2
GNB4	DRD2
GNB4	CXCL9
GNB4	CCL20
GNB4	GPR15
GNB4	INSL3
ABTB1	SLC4A1
TNNC1	TNNT1
NCK2	PAK7
SLC11A1	OLR1
SLC11A1	SNAP25
SLC11A1	CLEC5A
APOB	OLR1
APOB	AMBN
APOB	SPP1
APOB	SH3GL3
APOB	MTTP
APOB	DMP1
APOB	APOA1
APOB	FGG
INO80B	HIST1H3J
REEP6	OR10A5
REEP6	OR2AG2
REEP6	OR51E2
REEP6	OR8B2
REEP6	OR2D3
DOK1	CD79A
DOK1	BLK
EVA1A	DMP1
EVA1A	APOA1
EVA1A	AMBN
EVA1A	FGG
EVA1A	SPP1
IGFBP5	AMBN
IGFBP5	SPP1
IGFBP5	FGG
IGFBP5	DMP1
IGFBP5	APOA1
GGCX	F9
WNT6	SFRP1
AZU1	LYZ
PROC	AMBN
PROC	SPP1
PROC	FGG
PROC	DMP1
PROC	APOA1
ODC1	PSMA8
PRTN3	CAMP
PRTN3	LYZ
KISS1R	ADRA1D
ATP6V1B1	SLC26A4
CLCN6	FGG
BCL9	FCRL5
BCL9	HIST1H3J
OPRD1	CXCL11
OPRD1	ADRA2C
OPRD1	CCL1
OPRD1	S1PR5
OPRD1	CXCL13
OPRD1	CXCL10
OPRD1	CXCL5
OPRD1	CNR2
OPRD1	DRD2
OPRD1	CXCL9
OPRD1	CCL20
SELL	IFNG
SELL	GZMB
VAMP4	SH3GL3
VAMP4	SNAP25
CTSD	CHIT1
CTSD	CAMP
CTSD	LYZ
MMP8	CHIT1
MMP8	CAMP
MMP8	LYZ
APOA1	AMBN
APOA1	SPP1
APOA1	FGG
APOA1	MTTP
APOA1	DMP1
TNNT2	TNNT1
TNP1	HIST1H3J
TTR	APOA1
TTR	FGG
TTR	LYZ
ABCG2	PROM1
STBD1	OLR1
STBD1	SNAP25
STBD1	CLEC5A
FGF23	AMBN
FGF23	SPP1
FGF23	FGG
FGF23	DMP1
FGF23	APOA1
ACOT2	FBP1
TGFB3	LEFTY2
TGFB3	FGG
INSL4	INSL3
ELF1	BLK
EGR1	IRF4
TAS2R8	CXCL10
TAS2R8	CCL1
TAS2R8	CXCL9
TAS2R8	CCL20
TAS2R8	CXCL5
TAS2R8	CXCL11
TAS2R8	S1PR5
TAS2R8	CNR2
TAS2R8	ADRA2C
TAS2R8	DRD2
TAS2R8	CXCL13
KLRK1	ULBP1
KLRK1	TNFRSF9
KLRK1	GZMB
TAS2R10	CXCL10
TAS2R10	CCL1
TAS2R10	CXCL9
TAS2R10	CCL20
TAS2R10	CXCL5
TAS2R10	CXCL11
TAS2R10	S1PR5
TAS2R10	CNR2
TAS2R10	ADRA2C
TAS2R10	DRD2
TAS2R10	CXCL13
IAPP	MC4R
IAPP	GPR15
IAPP	INSL3
TAS2R7	CXCL10
TAS2R7	CCL1
TAS2R7	CXCL9
TAS2R7	CCL20
TAS2R7	CXCL5
TAS2R7	CXCL11
TAS2R7	S1PR5
TAS2R7	CNR2
TAS2R7	ADRA2C
TAS2R7	DRD2
TAS2R7	CXCL13
TAS2R9	CXCL10
TAS2R9	CCL20
TAS2R9	CXCL5
TAS2R9	CXCL11
TAS2R9	S1PR5
TAS2R9	CCL1
TAS2R9	CNR2
TAS2R9	ADRA2C
TAS2R9	DRD2
TAS2R9	CXCL9
TAS2R9	CXCL13
KALRN	DCC
KALRN	ADRA1D
CAT	LPO
GJA3	BFSP2
GHSR	ADRA1D
GSTM2	GSTA1
ACVR2A	LEFTY2
AHR	IDO1
RAMP3	MC4R
RAMP3	GPR15
RAMP3	INSL3
CLTA	SH3GL3
ZC3HAV1	FGG
SRGN	LEFTY2
SRGN	FGG
UNG	AICDA
PDE1B	GUCY2D
LRP1	APOA1
FAAH	CNR2
RAB9B	RAB3B
TNFAIP6	CHIT1
TNFAIP6	CAMP
TNFAIP6	LYZ
ACVR1C	LEFTY2
PLA2G12A	PLA2G2D
RAB38	RAB3B
GPR83	MC4R
GPR83	GPR15
GPR83	INSL3
ACTR5	HIST1H3J
MC3R	MC4R
MC3R	GPR15
MC3R	INSL3
PLCG1	NTN1
PLCG1	DCC
PLCG1	IGLL5
PLCG1	CD79A
PLCG1	GAD1
PLCG1	BLK
RAB22A	RAB3B
LIPE	LIPG
LYPD3	AGR2
LYPD3	CNTN5
LYPD3	LY6H
CEACAM8	OLR1
CEACAM8	CLEC5A
CEACAM8	PIGR
CEACAM8	SNAP25
SLC17A1	SLC18A1
HIST1H4F	HIST1H3J
EREG	BTC
MT2A	GBP5
MT2A	MC4R
MT2A	IRF4
MT2A	MT1G
MT2A	MT1H
GOT2	GAD1
GOT2	IL4I1
SPHK2	S1PR5
EFNB2	SEMA3E
EFNB2	EPHA6
IRF1	GBP5
IRF1	IFNG
IRF1	IRF4
IRF1	CXCL10
BMP4	AMBN
BMP4	SPP1
BMP4	DMP1
BMP4	APOA1
BMP4	FGG
PTGER2	MC4R
PTGER2	GPR15
PTGER2	INSL3
SOX9	SPP1
SOX9	NR0B1
MYH2	IGLL5
TNFSF9	TNFRSF9
C3	AMBN
C3	SPP1
C3	CR2
C3	S1PR5
C3	CXCL13
C3	CXCL10
C3	PIGR
C3	DMP1
C3	APOA1
C3	CXCL9
C3	CCL20
C3	CXCL11
C3	ADRA2C
C3	CCL1
C3	FGG
C3	CXCL5
C3	LYZ
C3	CNR2
C3	DRD2
GNRH2	ADRA1D
CD93	OLR1
CD93	CLEC5A
CD93	SNAP25
S1PR4	CXCL10
S1PR4	CXCL5
S1PR4	CXCL11
S1PR4	CNR2
S1PR4	ADRA2C
S1PR4	DRD2
S1PR4	CCL1
S1PR4	CXCL9
S1PR4	CCL20
S1PR4	S1PR5
S1PR4	CXCL13
FNTB	C10orf71
HCST	ULBP1
HCST	CLEC5A
FFAR1	ADRA1D
KRT13	KRT18
KRT38	KRT18
CCR7	CXCL11
CCR7	ADRA2C
CCR7	CCL1
CCR7	CCL7
CCR7	IRF4
CCR7	S1PR5
CCR7	CXCL13
CCR7	CXCL10
CCR7	CXCL5
CCR7	GZMB
CCR7	CNR2
CCR7	DRD2
CCR7	CXCL9
CCR7	CCL20
KRT9	KRT18
RRAS	SEMA3E
CFP	CHIT1
CFP	CAMP
CFP	LYZ
OMG	RTN4R
OMG	GFAP
CTAG2	MAGEC1
PYCARD	AIM2
PYCARD	LYZ
TRAF2	TNFRSF9
TRAF2	PSMA8
TAS2R3	CXCL10
TAS2R3	CCL1
TAS2R3	CXCL9
TAS2R3	CCL20
TAS2R3	CXCL5
TAS2R3	CXCL11
TAS2R3	S1PR5
TAS2R3	CNR2
TAS2R3	ADRA2C
TAS2R3	DRD2
TAS2R3	CXCL13
TAS2R4	CXCL10
TAS2R4	CCL1
TAS2R4	CXCL9
TAS2R4	CCL20
TAS2R4	CXCL5
TAS2R4	CXCL11
TAS2R4	S1PR5
TAS2R4	CNR2
TAS2R4	ADRA2C
TAS2R4	DRD2
TAS2R4	CXCL13
TAS2R5	CXCL10
TAS2R5	CCL1
TAS2R5	CXCL9
TAS2R5	CCL20
TAS2R5	CXCL5
TAS2R5	CXCL11
TAS2R5	S1PR5
TAS2R5	CNR2
TAS2R5	ADRA2C
TAS2R5	DRD2
TAS2R5	CXCL13
F2RL3	ADRA1D
GNG13	CXCL11
GNG13	MC4R
GNG13	ADRA2C
GNG13	CCL1
GNG13	S1PR5
GNG13	CXCL13
GNG13	CXCL10
GNG13	CXCL5
GNG13	ADRA1D
GNG13	CNR2
GNG13	DRD2
GNG13	CXCL9
GNG13	CCL20
GNG13	GPR15
GNG13	INSL3
TUBA4A	GZMB
HSPB1	MAPK4
GNG11	CXCL11
GNG11	MC4R
GNG11	ADRA2C
GNG11	CCL1
GNG11	S1PR5
GNG11	CXCL13
GNG11	CXCL10
GNG11	CXCL5
GNG11	ADRA1D
GNG11	CNR2
GNG11	DRD2
GNG11	CXCL9
GNG11	CCL20
GNG11	GPR15
GNG11	INSL3
GNGT1	CXCL10
GNGT1	OR51E2
GNGT1	CXCL5
GNGT1	ADRA1D
GNGT1	CXCL11
GNGT1	MC4R
GNGT1	CNR2
GNGT1	ADRA2C
GNGT1	DRD2
GNGT1	OR8B2
GNGT1	CCL1
GNGT1	CXCL9
GNGT1	OR10A5
GNGT1	CCL20
GNGT1	OR2AG2
GNGT1	GPR15
GNGT1	S1PR5
GNGT1	OR2D3
GNGT1	INSL3
GNGT1	CXCL13
PTPN12	BTC
FGL2	FGG
VPREB3	CD79A
MCHR1	CXCL11
MCHR1	ADRA2C
MCHR1	CCL1
MCHR1	S1PR5
MCHR1	CXCL13
MCHR1	CXCL10
MCHR1	CXCL5
MCHR1	ADRA1D
MCHR1	CNR2
MCHR1	DRD2
MCHR1	CXCL9
MCHR1	CCL20
GALR3	CXCL11
GALR3	ADRA2C
GALR3	CCL1
GALR3	S1PR5
GALR3	CXCL13
GALR3	CXCL10
GALR3	CXCL5
GALR3	CNR2
GALR3	DRD2
GALR3	CXCL9
GALR3	CCL20
RAC2	PAK7
LIF	ALOX15B
TAS2R16	CXCL10
TAS2R16	CCL1
TAS2R16	CXCL9
TAS2R16	CCL20
TAS2R16	CXCL5
TAS2R16	CXCL11
TAS2R16	S1PR5
TAS2R16	CNR2
TAS2R16	ADRA2C
TAS2R16	DRD2
TAS2R16	CXCL13
VGF	AMBN
VGF	SPP1
VGF	FGG
VGF	DMP1
VGF	APOA1
SNAP23	OLR1
SNAP23	SNAP25
SNAP23	CLEC5A
TMOD2	TNNT1
ISLR	LEFTY2
ISLR	FGG
COPB1	OLR1
COPB1	SNAP25
COPB1	CLEC5A
TPH1	IL4I1
TPH1	IDO1
CD68	PIGR
CD68	DCANP1
CD68	GFAP
ATP1B2	ATP1A2
PARP2	GZMB
FOXA1	AGR2
EGLN3	PSMA8
NEDD8	PSMA8
NEDD8	UBD
DAD1	DRD2
CDO1	GAD1
RAP1B	PIGR
RAP1B	FGG
AANAT	IDO1
ARHGEF6	LAMC3
ARHGEF6	PAK7
CNGB1	GUCY2D
RPS16	HBA2
ALOX12	PLA2G2D
ALOX12	ALOX15B
UGT2A3	SULT1E1
KRT12	KRT18
KRT31	KRT18
KRT33B	KRT18
SNX4	SNAP25
RAF1	PAK7
RAF1	FGG
TDRD1	PIWIL1
MICB	ULBP1
KRT5	KRT18
KRT1	KRT18
KRT75	KRT18
KRT6C	KRT18
KRT6B	KRT18
PVRL2	ULBP1
PVRL2	PVRL4
APOE	AMBN
APOE	SPP1
APOE	DMP1
APOE	APOA1
APOE	FGG
ENSG00000224916	APOA1
BST2	IFNG
BST2	IRF4
BST2	PIGR
MLLT1	HIST1H3J
BMP15	AMBN
BMP15	SPP1
BMP15	FGG
BMP15	DMP1
BMP15	APOA1
ACTN4	LEFTY2
ACTN4	FGG
HRC	AMBN
HRC	SPP1
HRC	DMP1
HRC	APOA1
HRC	FGG
TRPM4	SCN10A
HBZ	HBA2
LAMA5	LAMC3
LAMA5	PAK7
TRIM28	ZNF215
TRIM28	ZNF560
HIP1R	SH3GL3
F12	F9
ACLY	IL4I1
ACLY	LYZ
RAMP2	MC4R
RAMP2	GPR15
RAMP2	INSL3
G6PC	FBP1
EXOC4	SNAP25
PPFIA1	SNAP25
KRT15	KRT18
PPP1R1B	DRD2
NR0B2	MTTP
ACTR10	HLA-DOB
ACTR10	LYZ
DNAJB1	MAPK4
TRIM21	GBP5
TRIM21	IRF4
SMARCC1	IRF4
HSD17B7	SULT1E1
RAMP1	MC4R
RAMP1	GPR15
RAMP1	INSL3
RPA1	OR51E2
IGJ	MZB1
IGJ	PIGR
IGJ	CD79A
IGJ	IGLL5
UTP3	CYLC2
H3F3B	HIST1H3J
KDM6B	IRF4
SNAP25	OLR1
SNAP25	GAD1
SNAP25	CLEC5A
SSTR4	CXCL11
SSTR4	ADRA2C
SSTR4	CCL1
SSTR4	S1PR5
SSTR4	CXCL13
SSTR4	CXCL10
SSTR4	CXCL5
SSTR4	CNR2
SSTR4	DRD2
SSTR4	CXCL9
SSTR4	CCL20
CRP	OLR1
CRP	IGLL5
CRP	APOA1
APCS	LYZ
APCS	APOA1
ALDH3B2	GAD1
BHMT2	IL4I1
AP3B1	FGG
SYT4	SNAP25
NMUR2	CXCL11
NMUR2	ADRA2C
NMUR2	CCL1
NMUR2	S1PR5
NMUR2	CXCL13
NMUR2	CXCL10
NMUR2	CXCL5
NMUR2	ADRA1D
NMUR2	CNR2
NMUR2	DRD2
NMUR2	CXCL9
NMUR2	CCL20
PDE6A	GUCY2D
RNF17	PIWIL1
CHRM3	ADRA1D
CHI3L1	CHIT1
CHI3L1	CAMP
CHI3L1	LYZ
MYBPH	PVRL4
CCNA1	PSMA8
NTS	ADRA1D
KRAS	FGG
KRAS	BTC
IRAK2	IL1A
VHL	PSMA8
TSHB	MC4R
TSHB	GPR15
TSHB	INSL3
GSTM5	GSTA1
GSTM3	GSTA1
NOTCH2	GZMB
NOTCH2	CNTN1
TRIM45	GBP5
TRIM45	IRF4
GRP	ADRA1D
HRH4	CXCL10
HRH4	CXCL5
HRH4	CXCL11
HRH4	CNR2
HRH4	ADRA2C
HRH4	DRD2
HRH4	CCL1
HRH4	CXCL9
HRH4	CCL20
HRH4	S1PR5
HRH4	CXCL13
DOCK2	CHIT1
DOCK2	CAMP
DOCK2	LYZ
RAB33A	RAB3B
MTNR1B	CXCL11
MTNR1B	ADRA2C
MTNR1B	CCL1
MTNR1B	S1PR5
MTNR1B	CXCL13
MTNR1B	CXCL10
MTNR1B	FAT3
MTNR1B	CXCL5
MTNR1B	CNR2
MTNR1B	DRD2
MTNR1B	CXCL9
MTNR1B	CCL20
TCN1	LYZ
TCN1	CHIT1
TCN1	CAMP
SEMA6A	NTN1
APC	PSMA8
OASL	GBP5
OASL	IRF4
OASL	CXCL10
DTX1	CNTN1
DTX1	DNER
TMEM60	WDR72
MRAP2	MC4R
KRT85	KRT18
KRT84	KRT18
KRT82	KRT18
MIP	BFSP2
TAAR5	MC4R
TAAR5	GPR15
TAAR5	INSL3
NMBR	ADRA1D
HTRA2	ENDOG
GNS	LYZ
DYNC1LI2	HLA-DOB
DYNC1LI2	FA2H
STX6	SNAP25
LAMC1	AMBN
LAMC1	SPP1
LAMC1	LAMC3
LAMC1	DMP1
LAMC1	APOA1
LAMC1	PAK7
LAMC1	FGG
CHRND	DOK7
HTR2B	ADRA1D
WNT10A	SFRP1
COX5B	AICDA
GPR45	MC4R
GPR45	GPR15
GPR45	INSL3
PLXNC1	SEMA3E
IGF2BP3	IGF2BP1
RTP4	OR51E2
RTP4	OR8B2
RTP4	OR10A5
RTP4	OR2AG2
RTP4	OR2D3
BLK	IGLL5
BLK	CD79A
BLK	EPHA6
IL1RN	IL1A
CFC1	LEFTY2
GYPC	ADRA1D
GYPC	SLC4A1
TMOD1	TNNT1
ORM1	LYZ
ORM1	APOA1
ORM1	LEFTY2
ORM1	CHIT1
ORM1	FGG
ORM1	CAMP
STX17	SNAP25
BAAT	GAD1
GABBR2	GABRA4
GABBR2	CXCL11
GABBR2	ADRA2C
GABBR2	CCL1
GABBR2	S1PR5
GABBR2	CXCL13
GABBR2	CXCL10
GABBR2	CXCL5
GABBR2	CNR2
GABBR2	DRD2
GABBR2	CXCL9
GABBR2	CCL20
PSMB7	PSMA8
PSMB7	UBD
ENPP2	PLA2G2D
CCL21	CXCL11
CCL21	ADRA2C
CCL21	CCL1
CCL21	S1PR5
CCL21	CXCL13
CCL21	CXCL10
CCL21	CXCL5
CCL21	CNR2
CCL21	DRD2
CCL21	CXCL9
CCL21	CCL20
CCL27	CXCL10
CCL27	CXCL5
CCL27	CXCL11
CCL27	CNR2
CCL27	ADRA2C
CCL27	DRD2
CCL27	CCL1
CCL27	CXCL9
CCL27	CCL20
CCL27	S1PR5
CCL27	CXCL13
DCTN3	HLA-DOB
KLC4	HLA-DOB
POU5F1	PROM1
POU5F1	NR0B1
HLA-F	GBP5
HLA-F	IRF4
TLR2	IFNG
TLR2	CXCL10
TLR2	CCL20
TLR2	IL1A
TLR2	CLEC6A
GGH	CHIT1
GGH	CAMP
GGH	GSTA1
GGH	LYZ
TGS1	APOA1
SDCBP	LYZ
MMP7	SPP1
MMP20	AMBN
MMP20	WDR72
POU2F3	LIPG
MMP13	SPP1
THBS1	LEFTY2
THBS1	FGG
KIF23	HLA-DOB
PLCB2	ADRA1D
ADAM10	OLR1
ADAM10	AMBN
ADAM10	SPP1
ADAM10	SNAP25
ADAM10	FGG
ADAM10	CLEC5A
ADAM10	DMP1
ADAM10	APOA1
ADAM10	EPHA6
ADCY3	S1PR5
ADCY3	CXCL13
ADCY3	CXCL10
ADCY3	CXCL9
ADCY3	CCL20
ADCY3	CXCL11
ADCY3	MC4R
ADCY3	ADRA2C
ADCY3	CCL1
ADCY3	CXCL5
ADCY3	CNR2
ADCY3	DRD2
ADCY3	GPR15
ADCY3	INSL3
ABCG5	ATP1A2
CYP2C9	ALOX15B
CYP2C9	GSTA1
KIF11	HLA-DOB
ARL3	CYS1
EXOC6	SNAP25
DNAJC13	PIGR
CHRNA1	LAMC3
CHRNA1	PAK7
CHRNA1	DOK7
ITGAV	OLR1
ITGAV	SPP1
ITGAV	SNAP25
ITGAV	FGG
ITGAV	CLEC5A
ITGAV	DMP1
GUCA1C	GUCY2D
CCDC54	ADAM29
SYT1	SNAP25
SYT1	SH3GL3
SYT1	GAD1
TMCC3	TEX28
IRAK3	IL1A
RAB21	RAB3B
LYZ	CHIT1
LYZ	CAMP
PSMC1	PSMA8
PSMC1	UBD
GALC	GFAP
PEBP1	FGG
LRP6	SFRP1
LMNB1	GZMB
VWF	LEFTY2
VWF	F9
VWF	FGG
HEXB	CHIT1
HEXB	LYZ
UBE2K	UBD
PPP2R5A	PSMA8
PSMA6	PSMA8
PSMA6	UBD
USP14	PSMA8
CYBA	OLR1
CYBA	SNAP25
CYBA	CLEC5A
SCARB1	APOA1
SLC6A4	DRD2
PSMD11	PSMA8
PSMD11	UBD
ALDH2	GAD1
CHRNB4	OLR1
CHRNB4	SNAP25
CHRNB4	CLEC5A
CDH1	KRT18
CDH1	CDH8
PDGFRB	BLK
CYSTM1	OLR1
CYSTM1	SNAP25
CYSTM1	CLEC5A
ANAPC5	PSMA8
GNB5	CXCL11
GNB5	MC4R
GNB5	ADRA2C
GNB5	CCL1
GNB5	S1PR5
GNB5	CXCL13
GNB5	CXCL10
GNB5	CXCL5
GNB5	ADRA1D
GNB5	CNR2
GNB5	DRD2
GNB5	CXCL9
GNB5	CCL20
GNB5	GPR15
GNB5	INSL3
MAPK6	PSMA8
MAPK6	MAPK4
APH1B	CNTN1
APH1B	DNER
RAB11A	RAB3B
FAF2	LYZ
SERPINA10	AMBN
SERPINA10	SPP1
SERPINA10	F9
SERPINA10	FGG
SERPINA10	DMP1
SERPINA10	APOA1
RAB27B	RAB3B
MSR1	APOA1
MYOM2	SMPX
LPCAT2	PLA2G2D
SMAD2	LEFTY2
VIPR2	MC4R
VIPR2	GPR15
VIPR2	INSL3
SMARCD3	APOA1
PSMB1	PSMA8
PSMB1	UBD
TRPA1	SCN10A
RIMS2	PCLO
RCOR1	HIST1H3J
CD33	OLR1
CD33	CLEC5A
CD33	SNAP25
TCEB2	PSMA8
AXIN1	PSMA8
RPE65	GUCY2D
IL12RB2	IFNG
CREBBP	IRF4
CREBBP	HIST1H3J
CREBBP	APOA1
DNAJA3	IFNG
DNAJA3	DOK7
ITGA2B	FGG
SMURF2	PSMA8
GLP2R	MC4R
GLP2R	GPR15
GLP2R	INSL3
ERP44	CHIT1
ERP44	CAMP
ERP44	LYZ
GNAO1	S1PR5
GNAO1	DRD2
SETD1A	SPP1
SPTLC1	FA2H
RPL8	NR0B1
CHST8	CA6
TYROBP	CLEC5A
VAMP7	SH3GL3
VAMP7	SNAP25
RAB2A	RAB3B
AJUBA	PSMA8
PIK3R3	ADRA1D
TIMP2	MMP12
TIMP2	CHIT1
TIMP2	CAMP
TIMP2	LYZ
MOV10L1	TEX11
MOV10L1	PIWIL1
BPI	LYZ
BPI	CHIT1
BPI	CAMP
SAMHD1	IRF4
ARPC1A	IGLL5
ARPC1A	SH3GL3
MAP2K2	NTN1
MAP2K2	DCC
MAP2K2	FGG
GNA15	ADRA1D
GAB1	BTC
MAPK3	DCC
MAPK3	FGG
SMG6	SULT1E1
ASPA	IL4I1
ASPA	GAD1
PLD2	PLA2G2C
PLD2	PLA2G2D
ABCA7	APOA1
ABCA7	ATP1A2
CNN2	CHIT1
CNN2	CAMP
CNN2	LYZ
A1BG	LEFTY2
A1BG	FGG
RAB36	RAB3B
SMARCB1	IRF4
PRKCQ	IGLL5
PRKCQ	ADRA2C
SLC17A6	SLC18A1
SLC17A6	GAD1
CAPZA1	HLA-DOB
KIF18A	HLA-DOB
MSH4	TEX11
DGCR8	PIWIL1
UBE2R2	UBD
SYP	SNAP25
SYP	GFAP
ACTR3	IGLL5
ACTR3	SH3GL3
PACSIN2	SH3GL3
EP300	GZMB
EP300	APOA1
AP2S1	SH3GL3
TYR	IL4I1
IL1A	IFNG
IL1A	CCL20
IL1B	IL1A
IL1B	SPP1
IL1B	IFNG
IL1B	CXCL10
IL1B	CXCL5
IL1B	CCL20
NAPA	SNAP25
SPTBN4	SCN10A
IL27RA	IFNG
IL27RA	IL17D
ASF1B	HIST1H3J
C9	FGG
PRKCG	ADRA2C
BIRC3	PSMA8
BIRC3	ENDOG
ATP2B3	SLC8A2
APLP2	AMBN
APLP2	SPP1
APLP2	FGG
APLP2	DMP1
APLP2	APOA1
DDX25	PIWIL1
LCN1	LYZ
IFIH1	CXCL10
CD81	CR2
CNTN3	LY6H
CNTN3	CNTN5
EPAS1	PSMA8
EPCAM	PROM1
EPCAM	KRT18
KAT2B	IRF4
EIF2AK4	IDO1
LRP2	SH3GL3
LRP2	APOA1
IL7	IFNG
IL7	CXCL10
IL7	CXCL9
IL7	IL23R
GNLY	GZMB
VAMP8	OLR1
VAMP8	SH3GL3
VAMP8	PIGR
VAMP8	SNAP25
VAMP8	CLEC5A
STAM2	SH3GL3
KDR	PROM1
TNFRSF8	CD79A
PIK3CA	IGLL5
PIK3CA	IFNG
PIK3CA	ADRA1D
PIK3CA	NTN1
PIK3CA	BTC
PIK3CA	CD79A
PIK3CA	IL23R
SLC9A1	ATP1A2
LCAT	APOA1
LCAT	LIPG
HSF4	BFSP2
CDH3	CDH8
PVRL1	PVRL4
CBL	IGLL5
CBL	IFNG
CBL	SH3GL3
CBL	CD79A
CBL	BLK
MCAM	PROM1
GPC1	HPSE2
GPC1	APOA1
GPC1	BLK
SLC5A7	CHIT1
NGEF	BLK
NGEF	EPHA6
DNAJC10	MZB1
FCER2	CR2
ATF2	IFNG
ATF2	IRF4
CBLB	CD79A
CBLB	IGLL5
CBLB	SH3GL3
LAMC2	LAMC3
LAMC2	MMP12
LAMC2	PAK7
KYNU	IDO1
NID1	LAMC3
NID1	MMP12
NMU	CXCL10
NMU	CXCL5
NMU	ADRA1D
NMU	CXCL11
NMU	CNR2
NMU	ADRA2C
NMU	DRD2
NMU	CCL1
NMU	CXCL9
NMU	CCL20
NMU	S1PR5
NMU	CXCL13
SRD5A3	AKR1D1
CD80	IFNG
CD80	IDO1
TXK	IGLL5
CRYGD	BFSP2
PRKG2	GUCY2D
PRKG2	SLC8A2
CUL3	PSMA8
SEC22C	SNAP25
CDH10	CDH8
IL21	IFNG
IL21	IL23R
FGF2	SPP1
FGF2	IFNG
FGF2	PROM1
FGF2	GFAP
RBBP5	SPP1
AGA	LYZ
RAB17	RAB3B
CP	AMBN
CP	SPP1
CP	FGG
CP	DMP1
CP	APOA1
WNT5A	SH3GL3
WNT5A	SFRP1
CNTNAP1	CNTN1
PSMD3	PSMA8
PSMD3	UBD
KRT24	KRT18
STAT3	IFNG
STAT3	IRF4
STAT3	CXCL10
STAT3	PROM1
STAT3	CCL20
STAT3	BLK
STAT3	IL1A
STAT3	IL24
STAT3	IDO1
STAT3	IL26
STAT3	IL23R
CAD	GAD1
CAD	IL4I1
RAB10	RAB3B
KIF3C	HLA-DOB
ITGA9	SPP1
ICAM1	IL1A
ICAM1	GBP5
ICAM1	CXCL11
ICAM1	SPP1
ICAM1	IFNG
ICAM1	IRF4
ICAM1	CXCL10
PPARGC1A	APOA1
F13A1	LEFTY2
F13A1	FGG
SEPT11	SEPT3
SCARB2	SH3GL3
ARSB	LYZ
MGAT4A	AMBN
MGAT4A	SPP1
MGAT4A	DMP1
MGAT4A	APOA1
MGAT4A	FGG
ZAP70	BLK
BST1	CNTN5
BST1	OLR1
BST1	CLEC5A
BST1	LY6H
BST1	SNAP25
KNG1	AMBN
KNG1	CXCL11
KNG1	ADRA2C
KNG1	SPP1
KNG1	CCL1
KNG1	LEFTY2
KNG1	FGG
KNG1	S1PR5
KNG1	CXCL13
KNG1	CXCL10
KNG1	KLK1
KNG1	CXCL5
KNG1	ADRA1D
KNG1	CNR2
KNG1	DRD2
KNG1	DMP1
KNG1	APOA1
KNG1	CXCL9
KNG1	CCL20
FETUB	FGG
MGLL	CNR2
MGLL	LIPG
RAB7A	HLA-DOB
RAB7A	RAB3B
CDH6	CDH8
VCAN	AMBN
VCAN	SPP1
VCAN	FGG
VCAN	DMP1
VCAN	APOA1
STC2	AMBN
STC2	SPP1
STC2	FGG
STC2	DMP1
STC2	APOA1
SLC1A3	GFAP
TNC	AMBN
TNC	SPP1
TNC	DMP1
TNC	APOA1
TNC	FGG
AMBP	IGLL5
AMBP	FGG
AMBP	APOA1
CENPE	HLA-DOB
CASP6	KRT18
EGF	SH3GL3
EGF	PROM1
EGF	BLK
EGF	LEFTY2
EGF	FGG
EGF	BTC
EGF	GFAP
PAPSS1	FGG
ABCB6	ATP1A2
SEMA3A	NTN1
NRP1	SEMA3E
APBA1	SNAP25
PIP5K1B	SEMA3E
CALB1	GAD1
CALB1	GFAP
WNT2	SFRP1
ADH4	GSTA1
EXOSC7	AICDA
OPRK1	CXCL11
OPRK1	ADRA2C
OPRK1	CCL1
OPRK1	S1PR5
OPRK1	CXCL13
OPRK1	CXCL10
OPRK1	CXCL5
OPRK1	CNR2
OPRK1	DRD2
OPRK1	CXCL9
OPRK1	CCL20
CPT1A	APOA1
GAL	CXCL11
GAL	ADRA2C
GAL	CCL1
GAL	S1PR5
GAL	CXCL13
GAL	CXCL10
GAL	CXCL5
GAL	CNR2
GAL	DRD2
GAL	CXCL9
GAL	CCL20
ANK1	SCN10A
ANK1	SLC4A1
SLC26A4	TMPRSS3
PIK3C2A	SH3GL3
HPX	FGG
HPX	APOA1
SLIT1	NTN1
SLIT1	DCC
CACNA1C	SNAP25
PDE6H	GUCY2D
CD27	TNFRSF9
CD27	GZMB
CD27	CR2
GLIPR1	PIGR
LGR5	LGR6
LGR5	PROM1
SLC15A4	OLR1
SLC15A4	SNAP25
SLC15A4	CLEC5A
DHH	PSMA8
NPFF	ADRA1D
SMARCC2	IRF4
CSAD	GAD1
ERBB3	BTC
KRT71	KRT18
PXN	LAMC3
PXN	BLK
PXN	PAK7
RAB20	RAB3B
SSTR1	CXCL11
SSTR1	ADRA2C
SSTR1	CCL1
SSTR1	S1PR5
SSTR1	CXCL13
SSTR1	CXCL10
SSTR1	CXCL5
SSTR1	CNR2
SSTR1	DRD2
SSTR1	CXCL9
SSTR1	CCL20
L2HGDH	GAD1
RAB15	RAB3B
GPR65	ADRA1D
SLC27A2	OLR1
SLC27A2	SNAP25
SLC27A2	CLEC5A
UBE2Q2	UBE2QL1
CYP11A1	INSL3
PML	GBP5
PML	IRF4
HEXA	CHIT1
MFGE8	AMBN
MFGE8	SPP1
MFGE8	DMP1
MFGE8	APOA1
MFGE8	FGG
IQGAP1	FGG
SEPT12	SEPT3
CDH11	CDH8
CDH13	CDH8
IRF8	GBP5
GALNS	LYZ
NCOR1	GFAP
KIF2B	HLA-DOB
CDH2	AMBN
CDH2	SPP1
CDH2	DMP1
CDH2	APOA1
CDH2	CDH8
CDH2	FGG
TP53	SPP1
TP53	PROM1
TP53	PSMA8
ARHGDIA	RTN4R
ERBB2	BTC
KRT10	KRT18
IGFBP4	AMBN
IGFBP4	SPP1
IGFBP4	FGG
IGFBP4	DMP1
IGFBP4	APOA1
PFKL	FBP1
SH3GL1	SH3GL3
BCKDHA	IL4I1
IFNAR1	IFNG
CBLC	SH3GL3
FXYD7	ATP1A2
SLC6A3	DRD2
PSMB6	PSMA8
PSMB6	UBD
GPR32	GPR15
GPR32	MC4R
GPR32	INSL3
RPS11	HBA2
PTH2	GPR15
PTH2	MC4R
PTH2	INSL3
IL22RA1	IL17D
IL22RA1	IL24
FNBP1L	SH3GL3
PSMA5	PSMA8
PSMA5	UBD
CD53	OLR1
CD53	CLEC5A
CD53	SNAP25
PROK1	ADRA1D
FCGR2A	IGLL5
FCRL4	PIGR
SETDB1	HIST1H3J
LEFTY1	LEFTY2
WNT9A	SFRP1
PPFIA4	SNAP25
ARL8A	PIGR
ABCG8	ATP1A2
RPS27A	LGR6
RPS27A	SH3GL3
RPS27A	HIST1H3J
RPS27A	PSMA8
RPS27A	UBD
RPS27A	HBA2
OTOF	SLC26A4
OTOF	TMPRSS3
PTH2R	MC4R
PTH2R	GPR15
PTH2R	INSL3
ACKR3	CXCL11
ACKR3	ADRA2C
ACKR3	CCL1
ACKR3	S1PR5
ACKR3	CXCL13
ACKR3	CXCL10
ACKR3	CXCL5
ACKR3	CNR2
ACKR3	DRD2
ACKR3	CXCL9
ACKR3	CCL20
RAB5A	SH3GL3
RAB5A	RAB3B
DYNC1LI1	HLA-DOB
LRIG1	SH3GL3
LIMD1	PSMA8
ATP6V1A	ATP1A2
FTH1	CHIT1
FTH1	CAMP
FTH1	LYZ
AMT	GAD1
STXBP5L	SNAP25
CCNA2	PSMA8
SRD5A1	AKR1D1
SKP2	PSMA8
OSMR	IL31RA
GZMA	GZMB
BHMT	IL4I1
RASA1	CD79A
RASA1	EPHA6
RASA1	BLK
ARHGAP26	DNER
IL9	CXCL10
IL9	IL23R
IL9	IRF4
GABRA6	GABRA4
GABRB2	GABRA4
PCYOX1L	LEFTY2
PCYOX1L	FGG
HIST1H2BA	HIST1H3J
PLA2G7	PLA2G2D
PLA2G7	APOA1
NFKBIE	PSMA8
TAAR6	MC4R
TAAR6	GPR15
TAAR6	INSL3
TAAR8	MC4R
TAAR8	GPR15
TAAR8	INSL3
TAAR1	MC4R
TAAR1	GPR15
TAAR1	INSL3
GNA12	S1PR5
GNA12	ADRA1D
EGFR	IFNG
EGFR	SH3GL3
EGFR	BLK
EGFR	BTC
IGFBP1	AMBN
IGFBP1	SPP1
IGFBP1	FGG
IGFBP1	DMP1
IGFBP1	APOA1
EPHA1	BLK
EPHA1	EPHA6
RAB41	RAB3B
FRMPD3	OLR1
FRMPD3	CLEC5A
FRMPD3	SNAP25
HTR2C	ADRA1D
GNRH1	ADRA1D
STAR	NR0B1
CRH	MC4R
CRH	CARTPT
CRH	GPR15
CRH	INSL3
LRP12	APOA1
RSPO2	LGR6
IFNA1	IFNG
IFNA1	IL23R
NTRK2	GFAP
NOTCH1	PROM1
NOTCH1	DNER
NOTCH1	CNTN1
GLUD1	GAD1
ABLIM1	NTN1
ABLIM1	DCC
HABP2	FGG
NPFFR1	ADRA1D
LIN7C	SNAP25
SAA4	APOA1
TNNT3	TNNT1
HSD17B12	SULT1E1
SLC1A2	GFAP
SERPING1	IGLL5
SERPING1	LEFTY2
SERPING1	FGG
PAK1	IGLL5
PAK1	LAMC3
PAK1	NTN1
PAK1	DCC
PAK1	PAK7
PAK1	MAPK4
RPS3	HBA2
LAMTOR1	OLR1
LAMTOR1	CLEC5A
LAMTOR1	PIGR
LAMTOR1	SNAP25
FADS2	PLA2G2C
MS4A3	OLR1
MS4A3	SNAP25
MS4A3	CLEC5A
MS4A2	GAD1
MS4A2	IGLL5
SCN2B	SCN10A
GPHA2	GPR15
GPHA2	MC4R
GPHA2	INSL3
FERMT3	LEFTY2
FERMT3	FGG
PRB4	PRB1
CTF1	ALOX15B
ADRA2A	CXCL11
ADRA2A	ADRA2C
ADRA2A	CCL1
ADRA2A	S1PR5
ADRA2A	CXCL13
ADRA2A	CXCL10
ADRA2A	CXCL5
ADRA2A	CNR2
ADRA2A	DRD2
ADRA2A	CXCL9
ADRA2A	CCL20
CD226	ULBP1
PRSS23	AMBN
PRSS23	SPP1
PRSS23	DMP1
PRSS23	APOA1
PRSS23	FGG
DOCK1	NTN1
DOCK1	DCC
DOCK1	IGLL5
IL18	IL1A
IL18	AIM2
IL18	IFNG
IL18	CXCL10
TKTL2	FBP1
ANK3	SPHKAP
ANK3	SCN10A
TMEM18	MC4R
NDUFC2	PIGR
SCLT1	SCN10A
MCHR2	CXCL11
MCHR2	ADRA2C
MCHR2	CCL1
MCHR2	S1PR5
MCHR2	CXCL13
MCHR2	CXCL10
MCHR2	CXCL5
MCHR2	ADRA1D
MCHR2	CNR2
MCHR2	DRD2
MCHR2	CXCL9
MCHR2	CCL20
EPHA4	BLK
EPHA4	EPHA6
TNFSF4	TNFRSF9
RNF219	DNAJC5B
CYSLTR2	ADRA1D
PTH	MC4R
PTH	SPP1
PTH	GPR15
PTH	INSL3
CRYGC	BFSP2
MARS2	GLB1L3
GADL1	GAD1
GADL1	IL4I1
ITGA1	LAMC3
ITGA1	PAK7
BMP3	AMBN
RAB3C	SNAP25
RAB3C	RAB3B
HNRNPU	IGF2BP1
SCN3A	SCN10A
LPCAT1	PIGR
SERPINB3	LYZ
GTF2E1	IRF4
THY1	LY6H
THY1	CNTN5
THY1	PROM1
GPR15	MC4R
GPR15	INSL3
FAM167A	BLK
ATP8B4	OLR1
ATP8B4	SNAP25
ATP8B4	CLEC5A
WNT3A	SFRP1
ASZ1	PIWIL1
OLA1	LEFTY2
OLA1	FGG
LY96	FGG
APP	AMBN
APP	SPP1
APP	S1PR5
APP	CXCL13
APP	CXCL10
APP	ADRA1D
APP	DMP1
APP	APOA1
APP	CXCL9
APP	CCL20
APP	CXCL11
APP	ADRA2C
APP	CCL1
APP	LEFTY2
APP	F9
APP	FGG
APP	SCN10A
APP	CXCL5
APP	LYZ
APP	CNR2
APP	DRD2
APP	GFAP
WNT7A	SFRP1
RAB6B	RAB3B
DKK2	SFRP1
CYP2C18	GSTA1
PDE11A	GUCY2D
CASP10	GZMB
FZD7	SFRP1
ADCY8	S1PR5
ADCY8	CXCL13
ADCY8	CXCL10
ADCY8	CXCL9
ADCY8	CCL20
ADCY8	CXCL11
ADCY8	MC4R
ADCY8	ADRA2C
ADCY8	CCL1
ADCY8	CXCL5
ADCY8	CNR2
ADCY8	DRD2
ADCY8	GPR15
ADCY8	INSL3
ATP1B3	ATP1A2
GNAQ	ADRA1D
WIF1	SFRP1
BATF	IRF4
DCK	SLC28A3
STOM	OLR1
STOM	PIGR
STOM	SNAP25
STOM	CLEC5A
CXCL13	CXCL10
CXCL13	CXCL5
CXCL13	CXCL11
CXCL13	CNR2
CXCL13	ADRA2C
CXCL13	DRD2
CXCL13	CCL1
CXCL13	CXCL9
CXCL13	CCL20
CXCL13	S1PR5
CCT8	LYZ
CD109	LY6H
CD109	CNTN5
NODAL	LEFTY2
PRG3	LYZ
PRG3	CHIT1
PRG3	CAMP
AIFM1	ENDOG
ZIC3	LEFTY2
BUB1B	PSMA8
PDE6D	GUCY2D
SST	CXCL11
SST	ADRA2C
SST	CCL1
SST	S1PR5
SST	CXCL13
SST	CXCL10
SST	CXCL5
SST	CNR2
SST	DRD2
SST	GAD1
SST	CXCL9
SST	CCL20
SLC6A1	GAD1
PPARG	ALOX15B
HTR5A	CXCL11
HTR5A	ADRA2C
HTR5A	CCL1
HTR5A	S1PR5
HTR5A	CXCL13
HTR5A	CXCL10
HTR5A	CXCL5
HTR5A	CNR2
HTR5A	DRD2
HTR5A	CXCL9
HTR5A	CCL20
FZD1	SFRP1
KIT	PROM1
CACNA1D	SNAP25
IL17RB	IL17D
ERC2	PCLO
APPL1	DCC
BRAF	FGG
HPD	IL4I1
PIK3CB	IGLL5
ACTR1B	HLA-DOB
NPC1L1	MTTP
CDH15	CDH8
HTR6	MC4R
HTR6	GPR15
HTR6	INSL3
FCER1G	OLR1
FCER1G	IGLL5
FCER1G	SNAP25
FCER1G	CLEC5A
FCER1G	CLEC6A
FCER1G	GAD1
WNT9B	SFRP1
KPNB1	CHIT1
KPNB1	CAMP
KPNB1	LYZ
WNT4	SFRP1
IL10RB	IL26
IL10RB	IFNG
IL10RB	IL24
IFNGR2	IFNG
ELMO2	IGLL5
ARAF	APOA1
ARAF	FGG
IGF2BP1	MAPK4
NPTN	GABRA4
PSMB4	PSMA8
PSMB4	UBD
HK2	FBP1
GSTT2B	GSTA1
ATP6V0D1	ATP1A2
AGRP	CARTPT
AGRP	MC4R
TNFRSF13C	PSMA8
PTGIR	MC4R
PTGIR	GPR15
PTGIR	INSL3
TRIM62	GBP5
TRIM62	IRF4
TFF1	AGR2
TMPRSS3	SLC26A4
PDE9A	GUCY2D
HSPB4	BFSP2
PDXK	CHIT1
PDXK	CAMP
PDXK	LYZ
CSTB	LYZ
CSTB	CHIT1
CSTB	CAMP
AIRE	HIST1H3J
FTCD	IL4I1
FTCD	GAD1
FTCD	FGG
S100B	GUCY2D
S100B	GFAP
FXYD2	ATP1A2
CXCR5	CXCL11
CXCR5	ADRA2C
CXCR5	CCL1
CXCR5	CCL7
CXCR5	S1PR5
CXCR5	CXCL13
CXCR5	CXCL10
CXCR5	CXCL5
CXCR5	CNR2
CXCR5	DRD2
CXCR5	CXCL9
CXCR5	CCL20
UBE2Q1	UBE2QL1
CCR2	CXCL11
CCR2	ADRA2C
CCR2	CCL1
CCR2	CCL7
CCR2	S1PR5
CCR2	CXCL13
CCR2	CXCL10
CCR2	CXCL5
CCR2	CNR2
CCR2	DRD2
CCR2	CXCL9
CCR2	CCL20
CCR5	CXCL11
CCR5	ADRA2C
CCR5	IFNG
CCR5	CCL1
CCR5	CCL7
CCR5	S1PR5
CCR5	CXCL13
CCR5	CXCL10
CCR5	CXCL5
CCR5	GZMB
CCR5	CNR2
CCR5	DRD2
CCR5	CXCL9
CCR5	CCL20
GPC2	HPSE2
GPC2	APOA1
CYP11B1	AKR1D1
LY6K	CNTN5
LY6K	LY6H
HK3	FBP1
PTGER1	ADRA1D
MAML1	GZMB
AP2M1	SH3GL3
ACOX1	APOA1
STAT5B	IRF4
HCRT	CARTPT
HCRT	ADRA1D
PSME3	IFNG
PSME3	PSMA8
PSME3	UBD
NCKAP1L	IGLL5
ITGA5	SPP1
ITGA5	LAMC3
ITGA5	FGG
WNT1	SFRP1
KRT83	KRT18
KRT72	KRT18
CXCL16	CXCL10
CXCL16	CXCL5
CXCL16	CXCL11
CXCL16	CNR2
CXCL16	ADRA2C
CXCL16	DRD2
CXCL16	CCL1
CXCL16	CXCL9
CXCL16	CCL20
CXCL16	S1PR5
CXCL16	CXCL13
CHRNE	DOK7
TNFSF12	PSMA8
SSTR5	CXCL11
SSTR5	ADRA2C
SSTR5	CCL1
SSTR5	S1PR5
SSTR5	CXCL13
SSTR5	CXCL10
SSTR5	CXCL5
SSTR5	CNR2
SSTR5	DRD2
SSTR5	CXCL9
SSTR5	CCL20
ADCY9	S1PR5
ADCY9	CXCL13
ADCY9	CXCL10
ADCY9	CXCL9
ADCY9	CCL20
ADCY9	CXCL11
ADCY9	MC4R
ADCY9	ADRA2C
ADCY9	CCL1
ADCY9	CXCL5
ADCY9	CNR2
ADCY9	DRD2
ADCY9	GPR15
ADCY9	INSL3
GNG3	CXCL11
GNG3	MC4R
GNG3	ADRA2C
GNG3	CCL1
GNG3	S1PR5
GNG3	CXCL13
GNG3	CXCL10
GNG3	CXCL5
GNG3	ADRA1D
GNG3	CNR2
GNG3	DRD2
GNG3	CXCL9
GNG3	CCL20
GNG3	GPR15
GNG3	INSL3
STX5	SNAP25
LRP5	SFRP1
DRAXIN	NTN1
DRAXIN	DCC
WDR63	ARMC3
GBP7	IRF4
VCAM1	IL1A
VCAM1	GBP5
VCAM1	IRF4
VCAM1	APOA1
ARPC5	IGLL5
ARPC5	SH3GL3
NCSTN	PIGR
NCSTN	CNTN1
NCSTN	DNER
LHCGR	MC4R
LHCGR	GPR15
LHCGR	INSL3
CAPN2	IL1A
REL	IRF4
REL	PSMA8
MEMO1	BTC
HPGDS	GSTA1
TMOD4	TNNT1
GNPDA2	MC4R
GABRG1	GABRA4
ALPPL2	LY6H
ALPPL2	CNTN5
GABRB1	GABRA4
ALPI	LY6H
ALPI	CNTN5
CCKAR	ADRA1D
PROK2	ADRA1D
FSTL1	AMBN
FSTL1	SPP1
FSTL1	FGG
FSTL1	DMP1
FSTL1	APOA1
STK11IP	LYZ
IGFBP7	AMBN
IGFBP7	SPP1
IGFBP7	FGG
IGFBP7	DMP1
IGFBP7	APOA1
CXCR1	CXCL11
CXCR1	ADRA2C
CXCR1	CCL1
CXCR1	CCL7
CXCR1	S1PR5
CXCR1	CXCL13
CXCR1	CXCL10
CXCR1	CXCL5
CXCR1	CNR2
CXCR1	DRD2
CXCR1	CXCL9
CXCR1	CCL20
ARPC2	IGLL5
ARPC2	SH3GL3
CCT3	PSMA8
IHH	PSMA8
FABP1	MTTP
FABP1	APOA1
ABI2	IGLL5
ALB	AMBN
ALB	SPP1
ALB	DMP1
ALB	APOA1
ALB	LEFTY2
ALB	FGG
ALB	GFAP
PTX3	LYZ
PTX3	CHIT1
PTX3	CAMP
IL17RC	IL17D
SYN1	SNAP25
SYN1	GFAP
CXCL3	CXCL11
CXCL3	ADRA2C
CXCL3	CCL1
CXCL3	CCL7
CXCL3	S1PR5
CXCL3	CXCL13
CXCL3	CXCL10
CXCL3	CXCL5
CXCL3	CNR2
CXCL3	DRD2
CXCL3	CXCL9
CXCL3	CCL20
CXCL5	CXCL11
CXCL5	ADRA2C
CXCL5	CCL1
CXCL5	CCL7
CXCL5	S1PR5
CXCL5	CXCL13
CXCL5	CXCL10
CXCL5	CNR2
CXCL5	DRD2
CXCL5	CXCL9
CXCL5	CCL20
PPBP	CXCL11
PPBP	ADRA2C
PPBP	CCL1
PPBP	LEFTY2
PPBP	CHIT1
PPBP	FGG
PPBP	S1PR5
PPBP	CAMP
PPBP	CXCL13
PPBP	CXCL10
PPBP	CXCL5
PPBP	LYZ
PPBP	CNR2
PPBP	DRD2
PPBP	CXCL9
PPBP	CCL20
PF4	CXCL10
PF4	CXCL5
PF4	CXCL11
PF4	CNR2
PF4	ADRA2C
PF4	DRD2
PF4	CCL1
PF4	CXCL9
PF4	LEFTY2
PF4	CCL20
PF4	FGG
PF4	S1PR5
PF4	CXCL13
CCR1	CXCL11
CCR1	ADRA2C
CCR1	CCL1
CCR1	CCL7
CCR1	S1PR5
CCR1	CXCL13
CCR1	CXCL10
CCR1	CXCL5
CCR1	CNR2
CCR1	DRD2
CCR1	CXCL9
CCR1	CCL20
RTP3	OR51E2
RTP3	OR8B2
RTP3	OR10A5
RTP3	OR2AG2
RTP3	OR2D3
TDGF1	LEFTY2
TDGF1	BLK
ITGB5	SPP1
IL17RD	FGG
MFI2	AMBN
MFI2	LY6H
MFI2	SPP1
MFI2	FGG
MFI2	CNTN5
MFI2	DMP1
MFI2	APOA1
CAMP	LYZ
CAMP	CHIT1
SHISA5	DMP1
SHISA5	APOA1
SHISA5	AMBN
SHISA5	FGG
SHISA5	SPP1
BSN	SNAP25
MAD2L1	PSMA8
GRIA2	SNAP25
GRIA2	DRD2
IL15	TNFRSF9
IL15	IFNG
IL15	CXCL10
IL15	GZMB
IL15	CXCL9
IL15	IL23R
ITGA2	LAMC3
F2RL2	ADRA1D
RPS23	HBA2
RPS23	NR0B1
F2RL1	ADRA1D
SCGB3A2	MARCO
ERAP1	IL23R
MAP1B	NTN1
MAP1B	DCC
CARTPT	TNFRSF9
TLR3	CXCL10
TLR3	CAMP
TLR3	IDO1
IL3	IFNG
CSF2	IL1A
CSF2	IFNG
CSF2	CXCL10
CSF2	CXCL5
CSF2	CXCL9
CSF2	CCL20
CSF2	IL23R
IL22RA2	IL24
IL22RA2	IL17D
HIST1H2AA	HIST1H3J
FABP5	LYZ
SHH	PSMA8
SHH	SFRP1
BRI3	PIGR
ADCY1	S1PR5
ADCY1	CXCL13
ADCY1	CXCL10
ADCY1	CXCL9
ADCY1	CCL20
ADCY1	IL1A
ADCY1	CXCL11
ADCY1	MC4R
ADCY1	ADRA2C
ADCY1	CCL1
ADCY1	CXCL5
ADCY1	CNR2
ADCY1	DRD2
ADCY1	GPR15
ADCY1	INSL3
TNFRSF11B	SPP1
DEFA4	CHIT1
DEFA4	LYZ
DEFA4	CAMP
DEFB1	CAMP
NOS3	OLR1
ABCB8	ATP1A2
HSD3B7	AKR1D1
TMC1	SLC26A4
TMC1	TMPRSS3
ALDH1A1	PROM1
CXorf22	PCDH11X
FIGF	LEFTY2
FIGF	FGG
FOLR2	LY6H
FOLR2	CNTN5
LRR1	TNFRSF9
TRIM9	DCC
TRIM9	SNAP25
RXFP2	MC4R
RXFP2	GPR15
RXFP2	INSL3
OXGR1	CXCL10
OXGR1	CXCL5
OXGR1	CXCL11
OXGR1	CNR2
OXGR1	ADRA2C
OXGR1	DRD2
OXGR1	CCL1
OXGR1	CXCL9
OXGR1	CCL20
OXGR1	S1PR5
OXGR1	CXCL13
SLC18A2	SLC18A1
SLC18A2	SNAP25
SLC18A2	DRD2
RNASE7	CAMP
RAPSN	LAMC3
RAPSN	PAK7
RAPSN	DOK7
LRRK2	SH3GL3
PIWIL4	PIWIL1
LIPC	APOA1
LIPC	LIPG
SPRED1	PSMA8
AMN	APOA1
AVPR1A	ADRA1D
CCT2	LYZ
C2	IGLL5
IDH3A	IL4I1
CLEC4E	CLEC6A
CLEC4D	OLR1
CLEC4D	SNAP25
CLEC4D	CLEC5A
GALR1	S1PR5
GALR1	CXCL13
GALR1	CXCL10
GALR1	CXCL11
GALR1	ADRA2C
GALR1	CXCL5
GALR1	CCL1
GALR1	CNR2
GALR1	DRD2
GALR1	CXCL9
GALR1	CCL20
MC4R	GPR15
MC4R	INSL3
HSP90B1	AMBN
HSP90B1	SPP1
HSP90B1	DMP1
HSP90B1	APOA1
HSP90B1	FGG
MMP3	SPP1
ANPEP	RTN4R
SCNN1G	SCN10A
DCTN5	HLA-DOB
PLK1	PSMA8
CACNG2	DRD2
STAT6	IFNG
STAT6	IRF4
STAT6	IL23R
EPB42	SLC4A1
RUNX1	IFNG
RUNX1	BLK
CRK	IGLL5
CRK	FGG
NOD2	IL23R
MED1	APOA1
NFATC3	IRF4
CD3D	SH3GL3
TRIM68	GBP5
TRIM68	IRF4
GNG8	CXCL10
GNG8	CXCL5
GNG8	ADRA1D
GNG8	CXCL11
GNG8	MC4R
GNG8	CNR2
GNG8	ADRA2C
GNG8	DRD2
GNG8	CCL1
GNG8	CXCL9
GNG8	CCL20
GNG8	GPR15
GNG8	S1PR5
GNG8	INSL3
GNG8	CXCL13
RAB8A	RAB3B
CACNB3	SNAP25
WNT10B	SFRP1
TUBA1A	GZMB
TUBA1C	GZMB
CYP2A6	GSTA1
PSCA	CNTN5
PSCA	LY6H
LY6D	CNTN5
LY6D	LY6H
RILP	HLA-DOB
KRT16	KRT18
KRT27	KRT18
GHDC	LYZ
GHDC	CHIT1
GHDC	CAMP
PNOC	CXCL10
PNOC	CXCL5
PNOC	CXCL11
PNOC	CNR2
PNOC	ADRA2C
PNOC	DRD2
PNOC	CCL1
PNOC	CXCL9
PNOC	CCL20
PNOC	S1PR5
PNOC	CXCL13
GPR25	MC4R
GPR25	GPR15
GPR25	INSL3
TRIM35	GBP5
TRIM35	IRF4
ACSM1	GBP5
C3AR1	OLR1
C3AR1	CXCL11
C3AR1	ADRA2C
C3AR1	SNAP25
C3AR1	CCL1
C3AR1	S1PR5
C3AR1	CXCL13
C3AR1	CXCL10
C3AR1	CLEC5A
C3AR1	CXCL5
C3AR1	PIGR
C3AR1	CNR2
C3AR1	DRD2
C3AR1	CXCL9
C3AR1	CCL20
TRIM8	GBP5
TRIM8	IRF4
PRL	CNTN5
PRL	DRD2
LSM3	C8orf34
CCL11	CXCL10
CCL11	CXCL5
CCL11	CXCL11
CCL11	CXCL9
RNASE3	LYZ
PYGO1	HIST1H3J
MAP2K1	NTN1
MAP2K1	DCC
MAP2K1	PAK7
MAP2K1	FGG
LRG1	CHIT1
LRG1	CAMP
LRG1	LYZ
AXIN2	PSMA8
IGF1	SPP1
IGF1	LEFTY2
IGF1	ALOX15B
IGF1	FGG
IGF1	KLK1
MUC17	GALNTL6
KCNAB3	KCNB2
INSL5	CXCL10
INSL5	CCL20
INSL5	CXCL5
INSL5	CXCL11
INSL5	S1PR5
INSL5	CCL1
INSL5	CNR2
INSL5	ADRA2C
INSL5	INSL3
INSL5	DRD2
INSL5	CXCL9
INSL5	CXCL13
GUSB	LYZ
TRAPPC1	LYZ
MTNR1A	CXCL11
MTNR1A	ADRA2C
MTNR1A	CCL1
MTNR1A	S1PR5
MTNR1A	CXCL13
MTNR1A	CXCL10
MTNR1A	FAT3
MTNR1A	CXCL5
MTNR1A	CNR2
MTNR1A	DRD2
MTNR1A	CXCL9
MTNR1A	CCL20
PTGER4	MC4R
PTGER4	GPR15
PTGER4	INSL3
PA2G4	LYZ
RPS9	HBA2
IL17D	IL23R
HSPA4	OLR1
HSPA4	ENDOG
MAT2A	IL4I1
GPR27	MC4R
GPR27	GPR15
GPR27	INSL3
UGT1A6	SULT1E1
PCSK9	AMBN
PCSK9	SPP1
PCSK9	DMP1
PCSK9	APOA1
PCSK9	FGG
MTCH2	MC4R
IL12A	IL23R
RNASE2	LYZ
TACR3	ADRA1D
HIST1H2AE	HIST1H3J
PTGDR	MC4R
PTGDR	GPR15
PTGDR	INSL3
TSNARE1	SNAP25
TRH	ADRA1D
REEP4	OR10A5
REEP4	OR2AG2
REEP4	OR51E2
REEP4	OR8B2
REEP4	OR2D3
BCR	CD79A
TACR1	SH3GL3
TACR1	ADRA1D
CBR4	SEPT3
DEFB4A	CAMP
SCN1A	SCN10A
SCN1A	ATP1A2
LRP8	APOA1
NTSR2	ADRA1D
CDC25A	PSMA8
UBE2E1	PSMA8
MZB1	POU2AF1
CTLA4	TNFRSF9
CTLA4	IFNG
CTLA4	IDO1
CTLA4	CARTPT
CTLA4	GZMB
GP9	F9
GTPBP2	LEFTY2
GTPBP2	FGG
SCG2	AMBN
SCG2	SPP1
SCG2	FGG
SCG2	DMP1
SCG2	APOA1
PITX2	LEFTY2
CDK5R2	RUFY4
RAC3	PAK7
FOXI1	SLC26A4
C1GALT1C1	GALNTL6
RAB24	RAB3B
ADORA2B	MC4R
ADORA2B	GPR15
ADORA2B	INSL3
CTNNA1	CDH8
UBB	LGR6
UBB	SH3GL3
UBB	HIST1H3J
UBB	PSMA8
P2RY1	ADRA1D
UGT2B7	SULT1E1
UGT1A8	SULT1E1
IL13	IL1A
IL13	IFNG
IL13	CXCL10
IL13	CXCL9
IL13	IL23R
ROBO4	NTN1
UGT2B4	SULT1E1
UGT2B4	AKR1D1
STX8	SNAP25
GNB2	S1PR5
GNB2	CXCL13
GNB2	CXCL10
GNB2	ADRA1D
GNB2	CXCL9
GNB2	CCL20
GNB2	CXCL11
GNB2	MC4R
GNB2	ADRA2C
GNB2	CCL1
GNB2	CXCL5
GNB2	CNR2
GNB2	DRD2
GNB2	GPR15
GNB2	INSL3
KRT28	KRT18
PRKCB	ADRA2C
ADRB2	MC4R
ADRB2	SH3GL3
ADRB2	GPR15
ADRB2	INSL3
S1PR1	CXCL11
S1PR1	ADRA2C
S1PR1	CCL1
S1PR1	S1PR5
S1PR1	CXCL13
S1PR1	CXCL10
S1PR1	CXCL5
S1PR1	CNR2
S1PR1	DRD2
S1PR1	CXCL9
S1PR1	CCL20
S1PR1	BLK
CNNM3	HPSE2
FEN1	ENDOG
CPLX1	SNAP25
CPLX1	GAD1
NXNL1	VSX1
VAMP5	SNAP25
CXCL10	GBP5
CXCL10	CXCL11
CXCL10	ADRA2C
CXCL10	IFNG
CXCL10	CCL1
CXCL10	CCL7
CXCL10	S1PR5
CXCL10	CXCL13
CXCL10	IDO1
CXCL10	CXCL5
CXCL10	CNR2
CXCL10	DRD2
CXCL10	CXCL9
CXCL10	CCL20
GAA	OLR1
GAA	SNAP25
GAA	CLEC5A
GAA	PIGR
IBTK	CD79A
STX18	SNAP25
NMUR1	CXCL11
NMUR1	ADRA2C
NMUR1	CCL1
NMUR1	S1PR5
NMUR1	CXCL13
NMUR1	CXCL10
NMUR1	CXCL5
NMUR1	ADRA1D
NMUR1	CNR2
NMUR1	DRD2
NMUR1	CXCL9
NMUR1	CCL20
ALCAM	PROM1
NUDT6	KCNK15
FGB	LEFTY2
FGB	FGG
FGB	APOA1
PRKCE	ADRA2C
DRD5	MC4R
DRD5	GPR15
DRD5	INSL3
GRM5	ADRA1D
IL7R	GZMB
IL7R	IFNG
IL7R	SH3GL3
SLAMF1	PVRL4
FOS	GAD1
FOS	IL1A
FOS	MC4R
ITPR1	IGLL5
ITPR1	SNAP25
ITPR1	CD79A
KRT78	KRT18
FGA	AMBN
FGA	SPP1
FGA	LEFTY2
FGA	F9
FGA	FGG
FGA	DMP1
FGA	APOA1
UQCRFS1	AICDA
GPR37	CXCL11
GPR37	ADRA2C
GPR37	CCL1
GPR37	S1PR5
GPR37	CXCL13
GPR37	CXCL10
GPR37	CXCL5
GPR37	CNR2
GPR37	DRD2
GPR37	CXCL9
GPR37	CCL20
CHRM1	LAMC3
CHRM1	PAK7
CHRM1	ADRA1D
RAB33B	RAB3B
CXCL8	IL1A
CXCL8	CXCL11
CXCL8	ADRA2C
CXCL8	IFNG
CXCL8	CCL1
CXCL8	CCL7
CXCL8	S1PR5
CXCL8	CAMP
CXCL8	CXCL13
CXCL8	CXCL10
CXCL8	CXCL5
CXCL8	CNR2
CXCL8	DRD2
CXCL8	CXCL9
CXCL8	CCL20
ISG20	IRF4
ADH1B	GSTA1
ADRA1B	ADRA1D
ANKK1	DRD2
GABARAP	GABRA4
CXCL11	ADRA2C
CXCL11	IFNG
CXCL11	CCL1
CXCL11	CCL7
CXCL11	S1PR5
CXCL11	CXCL13
CXCL11	CXCL10
CXCL11	CXCL5
CXCL11	CNR2
CXCL11	DRD2
CXCL11	CXCL9
CXCL11	CCL20
ETV5	IFNG
PRND	CNTN5
PRND	LY6H
GLB1	LYZ
MYOZ2	SMPX
KRT73	KRT18
SDC2	AMBN
SDC2	SPP1
SDC2	FGG
SDC2	HPSE2
SDC2	DMP1
SDC2	APOA1
KIF5B	HLA-DOB
AHSP	SLC4A1
AHSP	HBA2
BPTF	HIST1H3J
KRT74	KRT18
P2RY12	CXCL10
P2RY12	CXCL5
P2RY12	CXCL11
P2RY12	CNR2
P2RY12	ADRA2C
P2RY12	DRD2
P2RY12	CCL1
P2RY12	CXCL9
P2RY12	CCL20
P2RY12	S1PR5
P2RY12	CXCL13
MYL1	TNNT1
WDR48	UBD
CALB2	GAD1
CANT1	LYZ
CANT1	CHIT1
CANT1	CAMP
KCNS1	KCNK15
HIST1H1E	HIST1H3J
MT1E	MT1G
MT1E	MT1H
HTR1E	CXCL11
HTR1E	ADRA2C
HTR1E	CCL1
HTR1E	S1PR5
HTR1E	CXCL13
HTR1E	CXCL10
HTR1E	CXCL5
HTR1E	CNR2
HTR1E	DRD2
HTR1E	CXCL9
HTR1E	CCL20
CYCS	CLEC3A
CYCS	AICDA
CYCS	ENDOG
NPFFR2	ADRA1D
GLUL	GAD1
GLUL	GFAP
PABPC5	PCDH11X
SEC16B	MC4R
P2RY14	CXCL10
P2RY14	CXCL5
P2RY14	CXCL11
P2RY14	CNR2
P2RY14	ADRA2C
P2RY14	DRD2
P2RY14	CCL1
P2RY14	CXCL9
P2RY14	CCL20
P2RY14	S1PR5
P2RY14	CXCL13
KRT17	KRT18
F2	SPP1
F2	ADRA1D
F2	APOA1
F2	F9
F2	FGG
AGR3	AGR2
GABRB3	GABRA4
CLOCK	PIWIL1
TMOD3	TNNT1
CCL19	CXCL10
CCL19	CXCL5
CCL19	CXCL11
CCL19	CNR2
CCL19	ADRA2C
CCL19	DRD2
CCL19	CCL1
CCL19	CXCL9
CCL19	CCL20
CCL19	CCL7
CCL19	S1PR5
CCL19	CXCL13
PLG	LEFTY2
PLG	MMP12
PLG	FGG
OLR1	SNAP25
OLR1	CLEC5A
CLTB	SH3GL3
PSMD1	LYZ
PSMD1	PSMA8
PSMD1	UBD
GPRC6A	ADRA1D
TERT	IFNG
TERT	SULT1E1
MAP3K11	IFNG
SLCO4C1	OLR1
SLCO4C1	SNAP25
SLCO4C1	CLEC5A
SLCO4C1	PIGR
LPL	APOA1
LPL	LIPG
NLRP6	AIM2
RPL38	NR0B1
ADAM17	BTC
CD34	CD79A
CD34	PROM1
HSPB7	SMPX
PSMD2	PSMA8
PSMD2	UBD
HSPA6	DNAJC5B
RAB1B	RAB3B
P2RY2	ADRA1D
XCR1	CXCL11
XCR1	CCL1
XCR1	CCL7
XCR1	CXCL13
XCR1	CXCL10
XCR1	CXCL5
XCR1	ADRA1D
XCR1	CXCL9
XCR1	CCL20
GLS2	GAD1
SART1	MAGEC1
SEC22A	SNAP25
PSMC5	PSMA8
PSMC5	UBD
KRT25	KRT18
PCP2	CXCL11
PCP2	ADRA2C
PCP2	CCL1
PCP2	S1PR5
PCP2	CXCL13
PCP2	CXCL10
PCP2	CXCL5
PCP2	CNR2
PCP2	DRD2
PCP2	CXCL9
PCP2	CCL20
APOBEC4	AICDA
KRT2	KRT18
CASP3	GZMB
CASP3	KRT18
CASP3	DCC
CASP3	ENDOG
CASP3	GFAP
CD200R1	CD200R1L
CYP4A11	ALOX15B
PSMA8	UBD
VEGFB	LEFTY2
VEGFB	FGG
ACOT1	FBP1
PPP2R1B	PSMA8
MUCL1	GALNTL6
ADCY6	S1PR5
ADCY6	CXCL13
ADCY6	CXCL10
ADCY6	CXCL9
ADCY6	CCL20
ADCY6	CXCL11
ADCY6	MC4R
ADCY6	ADRA2C
ADCY6	CCL1
ADCY6	CXCL5
ADCY6	CNR2
ADCY6	DRD2
ADCY6	GPR15
ADCY6	INSL3
RAB6A	RAB3B
GSTM1	GSTA1
TNKS	PSMA8
RTP1	OR51E2
RTP1	OR8B2
RTP1	OR10A5
RTP1	OR2AG2
RTP1	OR2D3
PTPN2	IFNG
HAVCR2	TNFRSF9
FUT1	IL4I1
CD7	CD79A
TLR8	CXCL10
ADCY4	S1PR5
ADCY4	CXCL13
ADCY4	CXCL10
ADCY4	CXCL9
ADCY4	CCL20
ADCY4	CXCL11
ADCY4	MC4R
ADCY4	ADRA2C
ADCY4	CCL1
ADCY4	CXCL5
ADCY4	CNR2
ADCY4	DRD2
ADCY4	GPR15
ADCY4	INSL3
ELMO1	NTN1
ELMO1	DCC
ELMO1	IGLL5
ADRBK1	ADRA1D
ADRBK1	DRD2
TCAP	TNNT1
LEP	MC4R
LEP	CARTPT
CASP2	MZB1
MID1	GBP5
MID1	IRF4
RAB8B	RAB3B
SPACA4	CNTN5
SPACA4	LY6H
NFKBIB	PSMA8
GNAI2	S1PR5
GNAI2	CXCL13
GNAI2	CXCL10
GNAI2	CXCL9
GNAI2	CCL20
GNAI2	BLK
GNAI2	CXCL11
GNAI2	ADRA2C
GNAI2	SNAP25
GNAI2	CCL1
GNAI2	CXCL5
GNAI2	CNR2
GNAI2	DRD2
PANK2	FA2H
DAB2	SH3GL3
UBA6	UBD
KLK2	KLK1
ABCF1	NR0B1
SPHK1	SPHKAP
SPHK1	S1PR5
AMBN	DMP1
AMBN	APOA1
AMBN	WDR72
AMBN	FGG
AMBN	SPP1
CD46	PVRL4
OAZ3	PSMA8
AURKB	PSMA8
C1QB	IGLL5
C1QB	MARCO
ANAPC2	PSMA8
PAK2	LAMC3
PAK2	PSMA8
PAK2	PAK7
PAK2	MAPK4
SNAP47	SNAP25
VAMP2	SH3GL3
VAMP2	GAD1
VAMP2	SNAP25
GAK	SH3GL3
GBA	CHIT1
TOLLIP	IL1A
TOLLIP	CHIT1
TOLLIP	CAMP
TOLLIP	LYZ
IL1RAP	IL1A
IL20RA	IL26
IL20RA	IL17D
IL20RA	IL24
EDNRA	ADRA1D
MRPL1	IDO1
CLU	LEFTY2
CLU	FGG
CLU	APOA1
ALOX12B	ALOX15B
EXOSC4	AICDA
STAT2	IRF4
TLN1	FGG
DVL3	PSMA8
AGGF1	FGG
SFTPC	ADRA2C
UBE2N	UBD
HTR1A	CXCL11
HTR1A	ADRA2C
HTR1A	CCL1
HTR1A	S1PR5
HTR1A	CXCL13
HTR1A	CXCL10
HTR1A	CXCL5
HTR1A	CNR2
HTR1A	DRD2
HTR1A	CXCL9
HTR1A	CCL20
SCD5	FA2H
BAIAP2	IGLL5
DEGS1	OLR1
DEGS1	CLEC5A
DEGS1	SNAP25
FCAMR	IGLL5
CNGB3	GUCY2D
BIN1	SH3GL3
HSD11B2	AKR1D1
PITPNA	NTN1
PITPNA	DCC
SLC17A8	SLC18A1
PLXND1	SEMA3E
CYC1	AICDA
PLD6	PIWIL1
CPNE1	PIGR
MET	LAMC3
MET	SH3GL3
SNX18	SH3GL3
GLS	GAD1
RABGGTB	RAB3B
APOL1	AMBN
APOL1	SPP1
APOL1	DMP1
APOL1	APOA1
APOL1	FGG
STX4	SNAP25
COX5A	AICDA
SPTBN5	SCN10A
EGR3	GABRA4
MC5R	MC4R
MC5R	GPR15
MC5R	INSL3
TUBA3E	GZMB
RUVBL1	HIST1H3J
MPI	FBP1
BCKDHB	IL4I1
KIAA0319L	RTN4R
RPS15A	HBA2
TPO	IL4I1
BID	GZMB
CYP8B1	AKR1D1
PNMA1	DNER
CAMK2G	IFNG
RAP2B	OLR1
RAP2B	SNAP25
RAP2B	CLEC5A
PRMT5	PIWIL1
GCSH	GAD1
CXCR2	CXCL11
CXCR2	ADRA2C
CXCR2	CCL1
CXCR2	CCL7
CXCR2	S1PR5
CXCR2	CXCL13
CXCR2	CXCL10
CXCR2	CXCL5
CXCR2	CNR2
CXCR2	DRD2
CXCR2	CXCL9
CXCR2	CCL20
AGTRAP	FGG
GPR4	ADRA1D
RAB43	RAB3B
PCK1	IL4I1
PCK1	FBP1
DEF6	IRF4
CACNB2	SNAP25
TRIP10	SH3GL3
DYNC1I1	HLA-DOB
HCLS1	CNTN1
GHRHR	MC4R
GHRHR	GPR15
GHRHR	INSL3
OSBPL1A	HLA-DOB
ENSG00000258947	GFAP
PLA2G16	PLA2G2D
P2RY13	CXCL10
P2RY13	CXCL5
P2RY13	CXCL11
P2RY13	CNR2
P2RY13	ADRA2C
P2RY13	DRD2
P2RY13	CCL1
P2RY13	CXCL9
P2RY13	CCL20
P2RY13	S1PR5
P2RY13	CXCL13
UGT2B17	SULT1E1
ARID1A	IRF4
BANK1	BLK
EPN2	SH3GL3
STX19	SNAP25
CALR	APOA1
MLXIPL	MTTP
IL17RA	IL17D
DEFB103A	CAMP
TAC1	ADRA1D
ATP11B	PIGR
SH2B1	MC4R
TALDO1	FBP1
F2R	ADRA1D
LPA	FGG
LPA	APOA1
IL23R	IL17D
IL23R	IFNG
IL23R	IL24
HIST1H2BC	HIST1H3J
STXBP5	SNAP25
SERPINF2	LEFTY2
SERPINF2	FGG
FAIM2	MC4R
TSPEAR	SMPX
PTH1R	MC4R
PTH1R	GPR15
PTH1R	INSL3
LPHN2	LGR6
VNN2	LY6H
VNN2	CNTN5
FAM20C	AMBN
FAM20C	SPP1
FAM20C	FGG
FAM20C	DMP1
FAM20C	APOA1
HBA1	HBA2
SIAH2	NTN1
SIAH2	DCC
SCN4B	SCN10A
RAB39A	RAB3B
MMP1	IL1A
DTX2	CNTN1
DTX2	DNER
EBF1	POU2AF1
HTR1F	CXCL10
HTR1F	CXCL5
HTR1F	CXCL11
HTR1F	CNR2
HTR1F	ADRA2C
HTR1F	DRD2
HTR1F	CCL1
HTR1F	CXCL9
HTR1F	CCL20
HTR1F	S1PR5
HTR1F	CXCL13
BCAT2	IL4I1
ACPP	PIGR
EXOSC3	AICDA
GADD45GIP1	LPO
ACOT4	FBP1
SAGE1	MAGEC1
MARVELD2	ILDR1
DYX1C1	POU3F4
TPRX1	ARGFX
UTS2R	ADRA1D
ITLN1	ENDOG
SOX2	POU3F4
SOX2	PROM1
SOX2	NR0B1
SOX2	GFAP
P2RY11	GPR15
P2RY11	ADRA1D
P2RY11	MC4R
P2RY11	INSL3
TRIM25	GBP5
TRIM25	IRF4
FZD2	SFRP1
A2M	MMP12
A2M	APOA1
A2M	LEFTY2
A2M	FGG
SMARCE1	IRF4
KIF15	HLA-DOB
HSPA5	MZB1
PENK	AMBN
PENK	CXCL11
PENK	ADRA2C
PENK	SPP1
PENK	CCL1
PENK	FGG
PENK	S1PR5
PENK	CXCL13
PENK	CXCL10
PENK	CXCL5
PENK	CNR2
PENK	DRD2
PENK	DMP1
PENK	APOA1
PENK	CXCL9
PENK	CCL20
OXTR	ADRA1D
STXBP6	SNAP25
UPB1	GAD1
SYT9	SNAP25
SYT9	SH3GL3
SEPT1	SEPT3
LAMA3	LAMC3
LAMA3	MMP12
LAMA3	PAK7
DEFB103B	CAMP
CYP2B6	ALOX15B
CYP2B6	GSTA1
SAV1	RASSF6
PPP2R1A	PSMA8
GSK3B	PSMA8
SEMA6D	NTN1
CD28	TNFRSF9
CD28	IFNG
CD28	CARTPT
CD28	GZMB
COL12A1	MMP12
MAT2B	IL4I1
WNT11	SFRP1
FBN1	AMBN
FBN1	SPP1
FBN1	DMP1
FBN1	APOA1
FBN1	FGG
CNDP2	GAD1
CARM1	HIST1H3J
CARM1	APOA1
TNP2	HIST1H3J
CYP11B2	AKR1D1
PSMG2	PSMA8
KLK4	AMBN
KLK4	WDR72
CAPZA3	HLA-DOB
PSEN1	PIGR
PSEN1	DNER
PSEN1	CNTN1
PSEN1	GFAP
CCR8	CXCL11
CCR8	ADRA2C
CCR8	CCL1
CCR8	CCL7
CCR8	S1PR5
CCR8	CXCL13
CCR8	CXCL10
CCR8	CXCL5
CCR8	CNR2
CCR8	DRD2
CCR8	CXCL9
CCR8	CCL20
TNFRSF12A	PSMA8
CUL1	PSMA8
RORC	IL23R
MAF	IRF4
LMNB2	GZMB
MDH2	FBP1
MDH2	IL4I1
VIPR1	MC4R
VIPR1	GPR15
VIPR1	INSL3
NOS2	IFNG
GPR39	MC4R
GPR39	ADRA1D
GPR39	GPR15
GPR39	INSL3
HBG1	HBA2
TSEN54	PCLO
CSF1	AMBN
CSF1	SPP1
CSF1	IFNG
CSF1	FGG
CSF1	DMP1
CSF1	APOA1
GLUD2	GAD1
AP2A2	SH3GL3
TAS2R60	CXCL10
TAS2R60	CCL20
TAS2R60	CXCL5
TAS2R60	CXCL11
TAS2R60	S1PR5
TAS2R60	CCL1
TAS2R60	CNR2
TAS2R60	ADRA2C
TAS2R60	DRD2
TAS2R60	CXCL9
TAS2R60	CXCL13
P4HB	AGR2
P4HB	AMBN
P4HB	SPP1
P4HB	MTTP
P4HB	DMP1
P4HB	APOA1
P4HB	FGG
IFNLR1	IL24
LPAR5	CXCL10
LPAR5	CXCL5
LPAR5	ADRA1D
LPAR5	CXCL11
LPAR5	CNR2
LPAR5	ADRA2C
LPAR5	DRD2
LPAR5	CCL1
LPAR5	CXCL9
LPAR5	CCL20
LPAR5	S1PR5
LPAR5	CXCL13
IL3RA	IFNG
